Dataset_MB,Time_Serial_s,Throughput_MB_s
100,1.684069,59.38
256,4.261750,60.07
512,8.576223,59.70
1024,17.287675,59.23